<?xml version="1.0" encoding="UTF-8"?>
<!DOCTYPE fontscolors PUBLIC "-//NetBeans//DTD Editor Fonts and Colors settings 1.1//EN" "http://www.netbeans.org/dtds/EditorFontsColors-1_1.dtd">
<fontscolors>
    <fontcolor name="guarded"/>
    <fontcolor bgColor="gray" name="nbeditor-bracesMatching-match"/>
    <fontcolor bgColor="ff5b5b5b" name="selection"/>
    <fontcolor bgColor="gray" foreColor="black" name="line-number"/>
    <fontcolor bgColor="darkGray" name="highlight-caret-row"/>
    <fontcolor bgColor="gray" name="nbeditor-bracesMatching-match-multichar"/>
    <fontcolor foreColor="ff49b0eb" name="caret-color-insert-mode"/>
    <fontcolor foreColor="darkGray" name="indent-guide-lines"/>
</fontscolors>
