<?xml version="1.0" encoding="UTF-8"?>
<!DOCTYPE fontscolors PUBLIC "-//NetBeans//DTD Editor Fonts and Colors settings 1.1//EN" "http://www.netbeans.org/dtds/EditorFontsColors-1_1.dtd">
<fontscolors>
    <fontcolor foreColor="ff72a8ca" name="number"/>
    <fontcolor bgColor="ff393939" foreColor="ffe4e4e4" name="default">
        <font name="Times New Roman" size="17"/>
    </fontcolor>
    <fontcolor default="identifier" foreColor="red" name="method"/>
    <fontcolor default="identifier" foreColor="ffe4e4e4" name="field"/>
    <fontcolor foreColor="ffc4605a" name="keyword"/>
    <fontcolor foreColor="ffe4e4e4" name="separator"/>
    <fontcolor foreColor="ffcf8a40" name="operator"/>
</fontscolors>
